Submission id,Participant id,Status,Custom study tncs accepted at,Started at,Completed at,Reviewed at,Archived at,Time taken,Completion code,Total approvals,Age,Sex,Ethnicity simplified,Country of birth,Country of residence,Nationality,Language,Student status,Employment status
69428fef63725ce94561cc1b,65c7bfe1f18e2110daddde16,APPROVED,Not Applicable,2025-12-17T11:11:47.835000Z,2025-12-17T11:46:16.670000Z,2025-12-17T11:46:22.746000Z,2025-12-17T11:46:17.557901Z,2069.0,C21HCJSF,2013,60,Female,White,United Kingdom,United Kingdom,United Kingdom,English,No,Full-Time
69428ff1efa421d27837871f,66c20b634a3b292d25596fbc,APPROVED,Not Applicable,2025-12-17T11:11:51.455000Z,2025-12-17T11:32:04.851000Z,2025-12-17T11:32:06.948000Z,2025-12-17T11:32:05.616763Z,1214.0,C21HCJSF,2714,52,Male,White,United Kingdom,United Kingdom,United Kingdom,English,No,Full-Time
69428ffac59c61214276e838,660ea65b18972d0e6a14a896,APPROVED,Not Applicable,2025-12-17T11:12:02.463000Z,2025-12-17T11:47:39.162000Z,2025-12-17T11:47:41.473000Z,2025-12-17T11:47:39.958650Z,2137.0,C21HCJSF,1596,59,Female,White,United Kingdom,United Kingdom,United Kingdom,English,No,Part-Time
69429006af0751a252999a90,65313bdcb9fd825a8c1d4981,APPROVED,Not Applicable,2025-12-17T11:12:06.993000Z,2025-12-17T11:32:34.745000Z,2025-12-17T11:32:38.417000Z,2025-12-17T11:32:36.584339Z,1228.0,C21HCJSF,2552,45,Female,White,United Kingdom,United Kingdom,United Kingdom,English,No,Part-Time
69429011e5e9fc53c6d7ddda,5d4b085ef76ba3001c7510de,APPROVED,Not Applicable,2025-12-17T11:12:27.383000Z,2025-12-17T11:46:37.608000Z,2025-12-17T11:46:39.722000Z,2025-12-17T11:46:38.317765Z,2051.0,C21HCJSF,1870,36,Male,White,United Kingdom,United Kingdom,United Kingdom,English,No,Unemployed (and job seeking)
694290125e7d06d8dfb1ed0a,5ace82e135eccf0001a11c96,APPROVED,Not Applicable,2025-12-17T11:13:16.497000Z,2025-12-17T11:42:26.584000Z,2025-12-17T11:42:30.285000Z,2025-12-17T11:42:28.024840Z,1751.0,C21HCJSF,3658,60,Female,White,United Kingdom,United Kingdom,United Kingdom,English,DATA_EXPIRED,DATA_EXPIRED
69429014903f99bfdc35ee40,661e5d8f5d79d99564543f26,APPROVED,Not Applicable,2025-12-17T11:12:25.450000Z,2025-12-17T11:37:11.530000Z,2025-12-17T11:37:12.345000Z,2025-12-17T11:37:12.217181Z,1487.0,C21HCJSF,1586,56,Female,White,United Kingdom,United Kingdom,United Kingdom,English,No,"Not in paid work (e.g. homemaker', 'retired or disabled)"
6942901672711d59c5812d64,5e3ddcf95556b204cb143eab,APPROVED,Not Applicable,2025-12-17T11:12:26.257000Z,2025-12-17T11:32:44.102000Z,2025-12-17T11:32:45.676000Z,2025-12-17T11:32:44.778990Z,1218.0,C21HCJSF,4274,31,Female,White,Russian Federation,United Kingdom,Russian Federation,Russian,No,Part-Time
694290172326544b23339924,5c2f6d25e38ccd0001caab19,APPROVED,Not Applicable,2025-12-17T11:12:27.836000Z,2025-12-17T11:44:27.553000Z,2025-12-17T11:44:30.772000Z,2025-12-17T11:44:28.325136Z,1920.0,C21HCJSF,4410,48,Male,White,United Kingdom,United Kingdom,United Kingdom,English,No,Other
6942901fb235701a7209a89b,5a0c4184fe645f0001e9f5dd,APPROVED,Not Applicable,2025-12-17T11:12:47.368000Z,2025-12-17T11:37:51.503000Z,2025-12-17T11:37:54.064000Z,2025-12-17T11:37:52.174292Z,1505.0,C21HCJSF,4960,41,Female,White,United Kingdom,United Kingdom,United Kingdom,English,No,Full-Time
69429025ecfc2dd58a44ae8d,59ba64d06039190001eaaefe,APPROVED,Not Applicable,2025-12-17T11:12:43.086000Z,2025-12-17T11:32:14.096000Z,2025-12-17T11:32:15.832000Z,2025-12-17T11:32:14.802613Z,1172.0,C21HCJSF,4437,67,Female,White,United Kingdom,United Kingdom,United Kingdom,English,No,Part-Time
69429026cbdeff636a32d172,668aa0851622bf0930ff12fc,APPROVED,Not Applicable,2025-12-17T11:12:43.319000Z,2025-12-17T11:37:01.861000Z,2025-12-17T11:37:06.457000Z,2025-12-17T11:37:03.365306Z,1459.0,C21HCJSF,873,21,Female,White,United Kingdom,United Kingdom,United Kingdom,English,No,Full-Time
69429034c31fa9c79a2fe8f6,5d2f85f28e588a0019164d77,APPROVED,Not Applicable,2025-12-17T11:12:58.336000Z,2025-12-17T11:41:01.561000Z,2025-12-17T11:41:05.330000Z,2025-12-17T11:41:02.276062Z,1684.0,C21HCJSF,2778,64,Female,White,United Kingdom,United Kingdom,United Kingdom,English,No,"Not in paid work (e.g. homemaker', 'retired or disabled)"
6942903641076abb8e8e4ab4,63a32488e685c05e9fb5988e,APPROVED,Not Applicable,2025-12-17T11:14:32.046000Z,2025-12-17T11:36:21.707000Z,2025-12-17T11:36:27.716000Z,2025-12-17T11:36:22.535468Z,1310.0,C21HCJSF,3061,62,Male,White,Latvia,United Kingdom,Sweden,Russian,DATA_EXPIRED,DATA_EXPIRED
69429036cb850cd66a39aaae,57a7326516a091000112edb2,APPROVED,Not Applicable,2025-12-17T11:12:59.102000Z,2025-12-17T11:53:36.748000Z,2025-12-17T11:53:39.952000Z,2025-12-17T11:53:37.448686Z,2438.0,C21HCJSF,2586,69,Female,White,United Kingdom,United Kingdom,United Kingdom,English,No,Part-Time
69429036d7778616295e6511,5f653cb18aad310a9ee7c32d,APPROVED,Not Applicable,2025-12-17T11:13:02.586000Z,2025-12-17T11:30:43.981000Z,2025-12-17T11:30:46.523000Z,2025-12-17T11:30:44.738140Z,1062.0,C21HCJSF,2761,33,Female,White,United Kingdom,United Kingdom,United Kingdom,English,DATA_EXPIRED,DATA_EXPIRED
694290395d5ce514a20e3ba3,67696e1e6cf66476feee240e,APPROVED,Not Applicable,2025-12-17T11:13:08.880000Z,2025-12-17T11:44:17.310000Z,2025-12-17T11:44:23.202000Z,2025-12-17T11:44:17.970025Z,1869.0,C21HCJSF,162,69,Male,White,United Kingdom,United Kingdom,DATA_EXPIRED,English,No,Other
6942903da91444337ecb51b8,5c922ee24faf8b00014ca145,APPROVED,Not Applicable,2025-12-17T11:13:08.153000Z,2025-12-17T11:33:57.930000Z,2025-12-17T11:34:01.746000Z,2025-12-17T11:33:58.598843Z,1250.0,C21HCJSF,1089,43,Female,White,Poland,United Kingdom,Poland,Polish,No,Full-Time
69429043c02c99228bca8967,671038fb26ff82aa6081d040,APPROVED,Not Applicable,2025-12-17T11:16:32.216000Z,2025-12-17T11:51:35.476000Z,2025-12-17T11:51:39.389000Z,2025-12-17T11:51:36.160108Z,2104.0,C21HCJSF,1793,56,Male,White,United Kingdom,United Kingdom,United Kingdom,English,No,Unemployed (and job seeking)
6942904b1d29c52ba749efeb,67696d49d386c9789b03b1da,APPROVED,Not Applicable,2025-12-17T11:13:27.901000Z,2025-12-17T11:38:46.780000Z,2025-12-17T11:38:48.581000Z,2025-12-17T11:38:47.435997Z,1519.0,C21HCJSF,1614,59,Male,White,United Kingdom,United Kingdom,United Kingdom,English,No,"Not in paid work (e.g. homemaker', 'retired or disabled)"
69429050ac6ef1e79685036b,677a8e5affbe5673b3a79e6b,APPROVED,Not Applicable,2025-12-17T11:13:34.145000Z,2025-12-17T11:48:17.914000Z,2025-12-17T11:48:19.303000Z,2025-12-17T11:48:19.182255Z,2084.0,C21HCJSF,2401,60,Male,White,United Kingdom,United Kingdom,United Kingdom,English,No,"Not in paid work (e.g. homemaker', 'retired or disabled)"
6942905134b503118961b4f4,60d075b6af3d46debaf3cfd8,APPROVED,Not Applicable,2025-12-17T11:13:39.139000Z,2025-12-17T11:31:16.039000Z,2025-12-17T11:31:18.514000Z,2025-12-17T11:31:16.746409Z,1057.0,C21HCJSF,3215,23,Female,White,United Kingdom,United Kingdom,United Kingdom,English,Yes,Unemployed (and job seeking)
694290545db2b1b6e7e20af3,6229dc51dff340226697778e,APPROVED,Not Applicable,2025-12-17T11:15:12.284000Z,2025-12-17T11:43:17.598000Z,2025-12-17T11:43:23.469000Z,2025-12-17T11:43:18.285310Z,1686.0,C21HCJSF,4281,61,Male,White,United Kingdom,United Kingdom,United Kingdom,English,DATA_EXPIRED,DATA_EXPIRED
694290549fb05a577ce5aecb,56d1f7f67bbc32000589a588,APPROVED,Not Applicable,2025-12-17T11:13:24.978000Z,2025-12-17T11:45:19.267000Z,2025-12-17T11:45:22.558000Z,2025-12-17T11:45:20.059147Z,1915.0,C21HCJSF,3037,22,Female,Asian,United Kingdom,United Kingdom,United Kingdom,English,Yes,Due to start a new job within the next month
69429055c31fa9c79a2fe8fa,5d4310bbd8e961001b825ca4,APPROVED,Not Applicable,2025-12-17T11:13:30.758000Z,2025-12-17T11:37:07.120000Z,2025-12-17T11:37:09.341000Z,2025-12-17T11:37:07.829757Z,1417.0,C21HCJSF,7310,67,Male,White,United Kingdom,United Kingdom,United Kingdom,English,No,Full-Time
69429058c415a9cde85958f5,5707c88f374137000fbc5aec,APPROVED,Not Applicable,2025-12-17T11:13:32.720000Z,2025-12-17T11:35:43.730000Z,2025-12-17T11:35:46.148000Z,2025-12-17T11:35:44.536058Z,1332.0,C21HCJSF,2774,70,Male,White,United Kingdom,United Kingdom,United Kingdom,English,No,Full-Time
69429059c2ec86ca35b2e70a,58cd0bc2a47dbb000171dc8b,APPROVED,Not Applicable,2025-12-17T11:15:11.208000Z,2025-12-17T11:41:40.345000Z,2025-12-17T11:41:51.238000Z,2025-12-17T11:41:41.038188Z,1590.0,C21HCJSF,2953,62,Male,White,United Kingdom,United Kingdom,United Kingdom,English,No,"Not in paid work (e.g. homemaker', 'retired or disabled)"
6942905cb0d8e111df23e3f1,65cbbbcc5c1ef8b850c91eb5,APPROVED,Not Applicable,2025-12-17T11:13:32.334000Z,2025-12-17T11:35:27.303000Z,2025-12-17T11:35:31.080000Z,2025-12-17T11:35:27.955879Z,1315.0,C21HCJSF,2068,68,Male,White,United Kingdom,United Kingdom,United Kingdom,English,No,Part-Time
6942905d01ec3ccf5b52e6a1,5e64e1d3ffed3225090e814d,APPROVED,Not Applicable,2025-12-17T11:14:02.138000Z,2025-12-17T11:55:43.415000Z,2025-12-17T11:55:49.323000Z,2025-12-17T11:55:44.145333Z,2502.0,C21HCJSF,3970,39,Male,White,United Kingdom,United Kingdom,United Kingdom,English,No,Full-Time
69429060c1024a9dbb429e9b,651ac88823e71c05dbc1ff63,APPROVED,Not Applicable,2025-12-17T11:13:42.065000Z,2025-12-17T11:38:04.899000Z,2025-12-17T11:38:07.574000Z,2025-12-17T11:38:05.612100Z,1463.0,C21HCJSF,4926,57,Male,White,United Kingdom,United Kingdom,United Kingdom,English,No,Full-Time
69429064627ed77db3e1e790,6775c5ef1f8667141b32c256,APPROVED,Not Applicable,2025-12-17T11:13:44.640000Z,2025-12-17T11:34:41.148000Z,2025-12-17T11:34:44.344000Z,2025-12-17T11:34:42.996199Z,1257.0,C21HCJSF,1217,56,Female,White,United Kingdom,United Kingdom,United Kingdom,English,No,"Not in paid work (e.g. homemaker', 'retired or disabled)"
69429064ac6ef1e796850370,6140ce04fc55c3149baf0f8b,APPROVED,Not Applicable,2025-12-17T11:13:43.921000Z,2025-12-17T11:36:07.171000Z,2025-12-17T11:36:10.409000Z,2025-12-17T11:36:07.839684Z,1344.0,C21HCJSF,2292,46,Female,White,South Africa,United Kingdom,United Kingdom,English,No,Full-Time
69429069ea3cb7a8bfb3fa24,6614fb6af3c5aa23b962ea2d,APPROVED,Not Applicable,2025-12-17T11:13:57.937000Z,2025-12-17T11:37:54.546000Z,2025-12-17T11:37:56.842000Z,2025-12-17T11:37:55.326716Z,1437.0,C21HCJSF,2000,57,Male,Asian,India,United Kingdom,United Kingdom,English,No,"Not in paid work (e.g. homemaker', 'retired or disabled)"
6942906c1dd8ee5096b4e0d4,6658c56f3d9230d99c3e6752,APPROVED,Not Applicable,2025-12-17T11:16:31.172000Z,2025-12-17T11:41:11.128000Z,2025-12-17T11:41:17.208000Z,2025-12-17T11:41:11.993178Z,1480.0,C21HCJSF,4047,37,Male,Black,Nigeria,United Kingdom,Nigeria,English,DATA_EXPIRED,DATA_EXPIRED
6942906e6baee5728090c5e7,66a9fd2b645b325705af8c79,APPROVED,Not Applicable,2025-12-17T11:13:58.624000Z,2025-12-17T11:58:30.057000Z,2025-12-17T11:58:33.772000Z,2025-12-17T11:58:30.861340Z,2672.0,C21HCJSF,988,66,Female,White,United Kingdom,United Kingdom,United Kingdom,English,No,"Not in paid work (e.g. homemaker', 'retired or disabled)"
69429072ed5f1c197691dfce,5bebf332cef79f00014d230c,APPROVED,Not Applicable,2025-12-17T11:13:56.424000Z,2025-12-17T11:34:11.746000Z,2025-12-17T11:34:15.054000Z,2025-12-17T11:34:12.517737Z,1216.0,C21HCJSF,5498,48,Male,White,United Kingdom,United Kingdom,United Kingdom,English,No,Full-Time
69429079627ed77db3e1e796,5f3ec93efbd299158253f283,APPROVED,Not Applicable,2025-12-17T11:14:04.860000Z,2025-12-17T11:36:21.535000Z,2025-12-17T11:36:24.029000Z,2025-12-17T11:36:22.166869Z,1337.0,C21HCJSF,6590,53,Male,White,United Kingdom,United Kingdom,United Kingdom,English,No,Full-Time
6942907b367c8ae4e6ea81aa,67806a2cfa790bea4d4dc92d,APPROVED,Not Applicable,2025-12-17T11:14:10.335000Z,2025-12-17T11:46:14.876000Z,2025-12-17T11:46:17.799000Z,2025-12-17T11:46:15.586091Z,1925.0,C21HCJSF,1169,19,Male,Asian,Ireland,United Kingdom,DATA_EXPIRED,English,DATA_EXPIRED,DATA_EXPIRED
6942907b9da4a32f86e46143,682b3f63d0e2c4eff64fe664,APPROVED,Not Applicable,2025-12-17T11:14:08.289000Z,2025-12-17T12:06:14.939000Z,2025-12-17T12:06:16.037000Z,2025-12-17T12:06:15.736766Z,3127.0,C21HCJSF,2034,71,Male,White,Germany,United Kingdom,United Kingdom,English,No,"Not in paid work (e.g. homemaker', 'retired or disabled)"
69429080c943f8b77c49f2e8,5e469f9ef0d398000b1f13f2,APPROVED,Not Applicable,2025-12-17T11:14:08.683000Z,2025-12-17T11:42:52.956000Z,2025-12-17T11:42:58.798000Z,2025-12-17T11:42:53.645933Z,1725.0,C21HCJSF,5149,55,Male,White,United Kingdom,United Kingdom,United Kingdom,English,No,Unemployed (and job seeking)
69429081207f64f9e357f4c5,5bc690392885710001a0bb76,APPROVED,Not Applicable,2025-12-17T11:14:19.169000Z,2025-12-17T11:43:11.460000Z,2025-12-17T11:43:13.269000Z,2025-12-17T11:43:12.157452Z,1733.0,C21HCJSF,4941,60,Female,White,United Kingdom,United Kingdom,United Kingdom,English,No,"Not in paid work (e.g. homemaker', 'retired or disabled)"
694290882acb60331b8f47f2,653bd6caa825385145ae02d0,APPROVED,Not Applicable,2025-12-17T11:14:20.047000Z,2025-12-17T11:43:44.541000Z,2025-12-17T11:43:48.076000Z,2025-12-17T11:43:45.231056Z,1765.0,C21HCJSF,2026,65,Female,White,South Africa,United Kingdom,South Africa,English,No,Full-Time
69429088658080925f0dfbde,60719f4b18e2b30c9e5a562d,APPROVED,Not Applicable,2025-12-17T11:14:21.694000Z,2025-12-17T11:37:09.818000Z,2025-12-17T11:37:11.420000Z,2025-12-17T11:37:10.557452Z,1369.0,C21HCJSF,4626,63,Male,White,United Kingdom,United Kingdom,United Kingdom,English,No,Full-Time
6942909294f914d6312b6ec6,5eb12f8510e0ce205e7b25c7,APPROVED,Not Applicable,2025-12-17T11:14:40.867000Z,2025-12-17T11:38:56.400000Z,2025-12-17T11:38:58.302000Z,2025-12-17T11:38:57.164839Z,1456.0,C21HCJSF,2739,38,Female,White,United Kingdom,United Kingdom,United Kingdom,English,No,DATA_EXPIRED
69429094cb879049e742eb3b,57c426fa9fe51d00012391f1,APPROVED,Not Applicable,2025-12-17T11:14:33.852000Z,2025-12-17T11:52:58.914000Z,2025-12-17T11:53:01.351000Z,2025-12-17T11:53:00.406349Z,2306.0,C21HCJSF,4056,61,Female,White,United Kingdom,United Kingdom,United Kingdom,English,No,"Not in paid work (e.g. homemaker', 'retired or disabled)"
6942909b42080123032dbb3b,651c1d7524852e9f9d614ce3,APPROVED,Not Applicable,2025-12-17T11:14:40.066000Z,2025-12-17T11:34:33.055000Z,2025-12-17T11:34:36.360000Z,2025-12-17T11:34:33.852396Z,1193.0,C21HCJSF,2726,53,Male,White,United Kingdom,United Kingdom,United Kingdom,English,No,Full-Time
6942909cbaf89ad48d228fa2,5ce740c8636a5b0018f55968,APPROVED,Not Applicable,2025-12-17T11:14:45.937000Z,2025-12-17T11:51:58.782000Z,2025-12-17T11:52:00.834000Z,2025-12-17T11:51:59.510036Z,2233.0,C21HCJSF,5130,64,Male,White,United Kingdom,United Kingdom,United Kingdom,English,No,Full-Time
694290a228d1d5bea54c152e,6156fef09d1ab07148870099,APPROVED,Not Applicable,2025-12-17T11:14:46.948000Z,2025-12-17T11:35:53.440000Z,2025-12-17T11:35:56.851000Z,2025-12-17T11:35:54.169574Z,1267.0,C21HCJSF,7002,49,Female,White,United Kingdom,United Kingdom,United Kingdom,English,No,Full-Time
694290ad26c2255cf2ff815b,6658ba167affbe300577b93d,APPROVED,Not Applicable,2025-12-17T11:20:37.919000Z,2025-12-17T11:46:02.210000Z,2025-12-17T11:46:08.096000Z,2025-12-17T11:46:02.902834Z,1525.0,C21HCJSF,1783,37,Female,White,United Kingdom,United Kingdom,United Kingdom,English,No,Full-Time
694290ad372e8b47f20f5232,58ededd652ac63000154a4e6,APPROVED,Not Applicable,2025-12-17T11:15:01.982000Z,2025-12-17T11:48:50.972000Z,2025-12-17T11:48:54.378000Z,2025-12-17T11:48:51.777108Z,2029.0,C21HCJSF,1864,61,Male,White,South Africa,United Kingdom,United Kingdom,English,No,Full-Time
694290ae3708e8a982cce583,57a6533382f7f90001eea86c,APPROVED,Not Applicable,2025-12-17T11:15:04.951000Z,2025-12-17T11:44:39.455000Z,2025-12-17T11:44:42.426000Z,2025-12-17T11:44:40.250782Z,1775.0,C21HCJSF,502,64,Female,White,United Kingdom,United Kingdom,United Kingdom,English,DATA_EXPIRED,DATA_EXPIRED
694290b2d155c1ad5bec16b5,66914783ed9646ac1537525a,APPROVED,Not Applicable,2025-12-17T11:15:17.741000Z,2025-12-17T11:43:15.514000Z,2025-12-17T11:43:19.004000Z,2025-12-17T11:43:16.215268Z,1678.0,C21HCJSF,473,28,Male,White,United Kingdom,United Kingdom,United Kingdom,English,No,Full-Time
694290b574e0d18a634393ee,5e7dfc715acd1402882e93eb,APPROVED,Not Applicable,2025-12-17T11:20:39.354000Z,2025-12-17T11:42:24.904000Z,2025-12-17T11:42:30.929000Z,2025-12-17T11:42:25.752141Z,1306.0,C21HCJSF,4153,61,Male,White,United Kingdom,United Kingdom,United Kingdom,English,No,Other
694290b822735be55255be52,6713a6a34b872f10e42e1502,APPROVED,Not Applicable,2025-12-17T11:15:08.916000Z,2025-12-17T11:42:50.601000Z,2025-12-17T11:42:54.084000Z,2025-12-17T11:42:51.272619Z,1662.0,C21HCJSF,1239,54,Male,White,United Kingdom,United Kingdom,United Kingdom,English,No,Full-Time
694290bf07e123f0586b449d,5ca5fb084f3e9d0015440d1d,APPROVED,Not Applicable,2025-12-17T11:15:17.704000Z,2025-12-17T11:53:01.641000Z,2025-12-17T11:53:02.482000Z,2025-12-17T11:53:02.471432Z,2264.0,C21HCJSF,3834,47,Female,White,United Kingdom,United Kingdom,United Kingdom,English,No,Part-Time
694290c17e3ad5ea590e3b32,62a746cdc24be0dc08d934ab,APPROVED,Not Applicable,2025-12-17T11:15:19.174000Z,2025-12-17T11:40:05.260000Z,2025-12-17T11:40:09.917000Z,2025-12-17T11:40:06.706892Z,1487.0,C21HCJSF,569,30,Female,Black,Nigeria,United Kingdom,Nigeria,English,Yes,Part-Time
694290ca252ddb217b6bc5c6,56d84c584a9be1000a535f9c,APPROVED,Not Applicable,2025-12-17T11:15:30.538000Z,2025-12-17T11:49:33.548000Z,2025-12-17T11:49:36.250000Z,2025-12-17T11:49:34.302840Z,2044.0,C21HCJSF,4468,69,Male,White,United Kingdom,United Kingdom,United Kingdom,English,No,"Not in paid work (e.g. homemaker', 'retired or disabled)"
694290d482ded61fe2a7798d,60f68b570ae2316894fb0a51,APPROVED,Not Applicable,2025-12-17T11:16:08.919000Z,2025-12-17T11:34:51.464000Z,2025-12-17T11:34:55.535000Z,2025-12-17T11:34:52.510573Z,1123.0,C21HCJSF,1832,65,Female,White,United Kingdom,United Kingdom,United Kingdom,English,DATA_EXPIRED,DATA_EXPIRED
694290e5b3e4a52e4be96211,60b542b8fbb1a6a2678f5054,APPROVED,Not Applicable,2025-12-17T11:15:53.742000Z,2025-12-17T12:00:32.076000Z,2025-12-17T12:00:35.242000Z,2025-12-17T12:00:32.899435Z,2679.0,C21HCJSF,4113,40,Male,White,United Kingdom,United Kingdom,United Kingdom,English,No,Full-Time
694290f9fb4fe38e74705d0a,634699cbb044d59e19d5a7ea,APPROVED,Not Applicable,2025-12-17T11:19:06.609000Z,2025-12-17T12:06:02.432000Z,2025-12-17T12:06:06.118000Z,2025-12-17T12:06:03.096426Z,2816.0,C21HCJSF,1698,47,Female,White,United Kingdom,United Kingdom,United Kingdom,English,No,Part-Time
69429111fc11ba98afdc9068,68109d22b0ba84c17333ecab,APPROVED,Not Applicable,2025-12-17T11:16:37.914000Z,2025-12-17T11:36:50.642000Z,2025-12-17T11:36:53.173000Z,2025-12-17T11:36:51.402039Z,1213.0,C21HCJSF,1316,52,Male,Mixed,United Kingdom,United Kingdom,United Kingdom,English,No,Full-Time
6942911230a733fe48dd4269,5be30116dd850e0001d2ba99,APPROVED,Not Applicable,2025-12-17T11:16:45.713000Z,2025-12-17T11:43:12.695000Z,2025-12-17T11:43:38.630000Z,2025-12-17T11:43:13.339725Z,1587.0,C21HCJSF,2113,31,Male,White,United Kingdom,United Kingdom,United Kingdom,English,No,Full-Time
69429118fe657cc293c3b3f5,672cb0cef94e7059d85cfd6e,APPROVED,Not Applicable,2025-12-17T11:16:45.215000Z,2025-12-17T11:38:14.018000Z,2025-12-17T11:38:16.408000Z,2025-12-17T11:38:14.913166Z,1289.0,C21HCJSF,303,23,Female,Mixed,United Kingdom,United Kingdom,United Kingdom,English,DATA_EXPIRED,Part-Time
69429124e465da13fe37bfbd,559272f4fdf99b7e42e96932,APPROVED,Not Applicable,2025-12-17T11:17:02.739000Z,2025-12-17T11:55:23.840000Z,2025-12-17T11:55:27.761000Z,2025-12-17T11:55:24.579864Z,2302.0,C21HCJSF,7145,55,Male,White,United Kingdom,United Kingdom,United Kingdom,English,No,Full-Time
69429125edbbd98d757320d5,56bbad070b36c4000b4d4ef9,APPROVED,Not Applicable,2025-12-17T11:16:57.909000Z,2025-12-17T11:41:02.235000Z,2025-12-17T11:41:08.260000Z,2025-12-17T11:41:03.056195Z,1445.0,C21HCJSF,7218,53,Male,White,United Kingdom,United Kingdom,United Kingdom,English,No,Full-Time
69429134a4fa58188a217a8f,667c31135a4d935d1d4a72ce,APPROVED,Not Applicable,2025-12-17T11:19:18.123000Z,2025-12-17T11:51:47.649000Z,2025-12-17T11:51:49.589000Z,2025-12-17T11:51:48.483365Z,1950.0,C21HCJSF,1028,52,Female,Other,United Kingdom,United Kingdom,United Kingdom,English,No,DATA_EXPIRED
6942913835d5a37d7d625eea,676ed6c97f59dba5a786886d,APPROVED,Not Applicable,2025-12-17T11:17:17.203000Z,2025-12-17T11:34:45.886000Z,2025-12-17T11:34:47.604000Z,2025-12-17T11:34:46.578900Z,1049.0,C21HCJSF,499,43,Male,White,United Kingdom,United Kingdom,United Kingdom,English,No,Full-Time
69429138afcbd3b3ddcb51c1,5ae9cde00335e200019e9eed,APPROVED,Not Applicable,2025-12-17T11:19:49.276000Z,2025-12-17T11:56:26.095000Z,2025-12-17T11:56:29.892000Z,2025-12-17T11:56:27.127860Z,2197.0,C21HCJSF,5989,28,Female,White,United Kingdom,United Kingdom,United Kingdom,English,No,Part-Time
6942913ad4fcf5d64bc4e3b5,5d7a1fce27fb8a000196993e,APPROVED,Not Applicable,2025-12-17T11:17:18.547000Z,2025-12-17T11:42:39.412000Z,2025-12-17T11:42:41.321000Z,2025-12-17T11:42:41.062701Z,1521.0,C21HCJSF,6080,49,Male,White,United Kingdom,United Kingdom,United Kingdom,English,No,Part-Time
6942913bb25dddab4c2fe8a8,5718a9c4dd9ef10013df01f0,APPROVED,Not Applicable,2025-12-17T11:17:23.082000Z,2025-12-17T11:52:35.450000Z,2025-12-17T11:52:38.198000Z,2025-12-17T11:52:36.119337Z,2113.0,C21HCJSF,6642,40,Female,White,United Kingdom,United Kingdom,United Kingdom,English,No,Full-Time
694291438b8545e38cacbbc5,659c013fd8f8c8c7f7625aa1,APPROVED,Not Applicable,2025-12-17T11:19:00.506000Z,2025-12-17T11:53:47.551000Z,2025-12-17T11:53:51.508000Z,2025-12-17T11:53:48.185815Z,2088.0,C21HCJSF,1243,31,Female,White,United Kingdom,United Kingdom,United Kingdom,English,No,Part-Time
69429143dc7270f5c8a949b6,653d14bc14d143d888af01b0,APPROVED,Not Applicable,2025-12-17T11:20:41.512000Z,2025-12-17T11:42:01.666000Z,2025-12-17T11:42:05.743000Z,2025-12-17T11:42:02.343338Z,1281.0,C21HCJSF,1385,46,Male,White,United Kingdom,United Kingdom,United Kingdom,English,No,Part-Time
6942914c8b8545e38cacbbcd,58a9acb966e4640001c53a7f,APPROVED,Not Applicable,2025-12-17T11:17:32.314000Z,2025-12-17T11:46:55.132000Z,2025-12-17T11:46:57.597000Z,2025-12-17T11:46:55.920461Z,1763.0,C21HCJSF,3003,35,Male,White,United Kingdom,United Kingdom,United Kingdom,English,DATA_EXPIRED,DATA_EXPIRED
6942914ec216a1e1b063c053,66742c4307bb2004831faaef,APPROVED,Not Applicable,2025-12-17T11:27:02.293000Z,2025-12-17T11:59:09.127000Z,2025-12-17T11:59:11.063000Z,2025-12-17T11:59:09.911358Z,1927.0,C21HCJSF,2417,31,Female,Asian,Thailand,United Kingdom,United Kingdom,Thai,No,Full-Time
6942914eecfc2dd58a44aea8,5d59cb467ca41f0001e97e1f,APPROVED,Not Applicable,2025-12-17T11:17:43.056000Z,2025-12-17T11:43:26.769000Z,2025-12-17T11:43:30.126000Z,2025-12-17T11:43:27.631048Z,1544.0,C21HCJSF,3391,48,Female,White,United Kingdom,United Kingdom,United Kingdom,English,No,DATA_EXPIRED
6942915877bb847bf32643bd,5cedaba627d8ce00018469bb,APPROVED,Not Applicable,2025-12-17T11:17:49.301000Z,2025-12-17T11:40:25.751000Z,2025-12-17T11:40:29.622000Z,2025-12-17T11:40:26.494606Z,1357.0,C21HCJSF,3168,43,Female,White,United Kingdom,United Kingdom,United Kingdom,English,DATA_EXPIRED,DATA_EXPIRED
69429158af6df5c5b6379295,669177c66d14fd83c2a18125,APPROVED,Not Applicable,2025-12-17T11:18:04.416000Z,2025-12-17T11:47:34.063000Z,2025-12-17T11:47:35.809000Z,2025-12-17T11:47:34.761639Z,1770.0,C21HCJSF,2159,39,Male,Asian,Taiwan,United Kingdom,Taiwan,Mandarin,DATA_EXPIRED,DATA_EXPIRED
6942915b0a1ab74217f33c0d,62a1e021702679d27813a3e2,APPROVED,Not Applicable,2025-12-17T11:17:52.649000Z,2025-12-17T11:36:58.086000Z,2025-12-17T11:37:01.730000Z,2025-12-17T11:36:58.848703Z,1146.0,C21HCJSF,1291,47,Male,Asian,Sri Lanka,United Kingdom,United Kingdom,English,DATA_EXPIRED,Full-Time
694291657ea4108b0ad02763,571b37aa5d40840011c3a04d,APPROVED,Not Applicable,2025-12-17T11:18:02.327000Z,2025-12-17T11:44:14.571000Z,2025-12-17T11:44:18.184000Z,2025-12-17T11:44:15.564946Z,1573.0,C21HCJSF,3241,61,Female,White,United Kingdom,United Kingdom,United Kingdom,English,No,Part-Time
6942916a20cd917ca5946693,673c8c2a86f12a6e2c1764a4,APPROVED,Not Applicable,2025-12-17T11:18:13.552000Z,2025-12-17T11:37:52.272000Z,2025-12-17T11:37:58.383000Z,2025-12-17T11:37:53.179385Z,1179.0,C21HCJSF,1703,36,Female,Black,Nigeria,United Kingdom,Nigeria,English,DATA_EXPIRED,Full-Time
6942916c1dd8ee5096b4e0ed,5c5cad3e4ee81200018eafe2,APPROVED,Not Applicable,2025-12-17T11:18:04.836000Z,2025-12-17T11:49:49.058000Z,2025-12-17T11:49:49.907000Z,2025-12-17T11:49:49.764979Z,1905.0,C21HCJSF,9403,75,Female,White,United Kingdom,United Kingdom,United Kingdom,English,No,Full-Time
6942917143dc52d564f4c76d,5f69f87e83dfd701bfc84b39,APPROVED,Not Applicable,2025-12-17T11:18:13.644000Z,2025-12-17T11:50:41.725000Z,2025-12-17T11:50:44.992000Z,2025-12-17T11:50:42.374869Z,1949.0,C21HCJSF,3417,62,Male,White,United Kingdom,United Kingdom,United Kingdom,English,No,Full-Time
69429184c42f9d0d006aa17d,5ea55df76205ad53a793bc01,APPROVED,Not Applicable,2025-12-17T11:18:35.145000Z,2025-12-17T11:42:23.787000Z,2025-12-17T11:42:27.758000Z,2025-12-17T11:42:24.817495Z,1429.0,C21HCJSF,3841,62,Male,White,United Kingdom,United Kingdom,United Kingdom,English,No,Full-Time
694291a170d23fe22069ea3d,6440ec657d3df6f5223edc73,APPROVED,Not Applicable,2025-12-17T11:19:04.408000Z,2025-12-17T11:43:50.677000Z,2025-12-17T11:43:56.630000Z,2025-12-17T11:43:51.435889Z,1487.0,C21HCJSF,4187,51,Female,White,United Kingdom,United Kingdom,United Kingdom,English,No,Full-Time
694291a294f914d6312b6edf,5c852c65f8e57d00158a12ca,APPROVED,Not Applicable,2025-12-17T11:19:03.142000Z,2025-12-17T11:41:43.796000Z,2025-12-17T11:41:46.414000Z,2025-12-17T11:41:44.477314Z,1361.0,C21HCJSF,3293,68,Female,White,United Kingdom,United Kingdom,United Kingdom,English,No,"Not in paid work (e.g. homemaker', 'retired or disabled)"
694291a4125d83ba1b7d03e2,5f8ece6117db5206eafc8b73,APPROVED,Not Applicable,2025-12-17T11:19:04.875000Z,2025-12-17T11:39:16.142000Z,2025-12-17T11:39:17.987000Z,2025-12-17T11:39:16.850050Z,1212.0,C21HCJSF,2675,67,Male,White,United Kingdom,United Kingdom,United Kingdom,English,No,"Not in paid work (e.g. homemaker', 'retired or disabled)"
694291a7e50e4583a4900d83,676680610526923c0a526ce7,APPROVED,Not Applicable,2025-12-17T11:19:27.390000Z,2025-12-17T11:45:54.615000Z,2025-12-17T11:45:56.140000Z,2025-12-17T11:45:55.282939Z,1588.0,C21HCJSF,643,38,Female,White,Portugal,United Kingdom,Portugal,Portuguese,No,Full-Time
694291a9665ff26f11d143be,5bb609520cb04c00014efb8a,APPROVED,Not Applicable,2025-12-17T11:19:09.008000Z,2025-12-17T11:38:10.885000Z,2025-12-17T11:38:14.021000Z,2025-12-17T11:38:11.593042Z,1142.0,C21HCJSF,1069,28,Male,White,United Kingdom,United Kingdom,United Kingdom,English,No,Full-Time
694291abd9a78d1c28f4b8da,66c209a30292f928d8d0b9ab,APPROVED,Not Applicable,2025-12-17T11:21:24.954000Z,2025-12-17T11:49:30.030000Z,2025-12-17T11:49:32.322000Z,2025-12-17T11:49:30.707446Z,1686.0,C21HCJSF,779,38,Female,White,United Kingdom,United Kingdom,United Kingdom,English,No,Part-Time
694291c465926dee3763c0d0,6418dc6fd0f852a233a10350,APPROVED,Not Applicable,2025-12-17T11:20:52.150000Z,2025-12-17T11:49:03.739000Z,2025-12-17T11:49:07.339000Z,2025-12-17T11:49:04.492490Z,1692.0,C21HCJSF,2953,42,Male,White,United Kingdom,United Kingdom,United Kingdom,English,No,Full-Time
694291ccc415a9cde8595925,60b3950b9a1de417d37bb8d2,APPROVED,Not Applicable,2025-12-17T11:19:43.295000Z,2025-12-17T11:42:45.977000Z,2025-12-17T11:42:48.756000Z,2025-12-17T11:42:46.628034Z,1383.0,C21HCJSF,3240,33,Male,White,United Kingdom,United Kingdom,United Kingdom,English,Yes,Full-Time
694291d6ba4e2f05093a3a02,652ae54b698bbd5c18c0c90e,APPROVED,Not Applicable,2025-12-17T11:20:50.219000Z,2025-12-17T11:46:45.784000Z,2025-12-17T11:46:49.105000Z,2025-12-17T11:46:46.523186Z,1556.0,C21HCJSF,2032,31,Female,White,United Kingdom,United Kingdom,United Kingdom,English,No,"Not in paid work (e.g. homemaker', 'retired or disabled)"
694291d772711d59c5812da2,62fb8e94ce94179d6a4e8277,APPROVED,Not Applicable,2025-12-17T11:19:57.123000Z,2025-12-17T11:43:49.542000Z,2025-12-17T11:43:52.260000Z,2025-12-17T11:43:50.357016Z,1433.0,C21HCJSF,2251,27,Female,White,United Kingdom,United Kingdom,United Kingdom,English,No,Full-Time
694291de9de95f2bd52191f1,6023f94d1951e70ae21770ec,APPROVED,Not Applicable,2025-12-17T11:20:01.162000Z,2025-12-17T11:38:11.067000Z,2025-12-17T11:38:16.886000Z,2025-12-17T11:38:11.678822Z,1090.0,C21HCJSF,3418,38,Male,White,United Kingdom,United Kingdom,United Kingdom,English,Yes,Full-Time
694291f8899e6356f25b3aa3,6053790f2babfba77b1cfebb,APPROVED,Not Applicable,2025-12-17T11:20:30.648000Z,2025-12-17T12:03:06.647000Z,2025-12-17T12:03:10.610000Z,2025-12-17T12:03:07.420320Z,2556.0,C21HCJSF,2168,71,Male,White,United Kingdom,United Kingdom,United Kingdom,English,No,"Not in paid work (e.g. homemaker', 'retired or disabled)"
694291ffb25dddab4c2fe8ae,60fd14512de6e8dab5242343,APPROVED,Not Applicable,2025-12-17T11:20:34.680000Z,2025-12-17T11:54:09.346000Z,2025-12-17T11:54:11.375000Z,2025-12-17T11:54:10.087652Z,2015.0,C21HCJSF,298,23,Female,Other,United Kingdom,United Kingdom,United Kingdom,Arabic,No,DATA_EXPIRED
694292045bebfb9a3b0931d1,5f01ce19f3984631df5348e4,APPROVED,Not Applicable,2025-12-17T11:20:44.827000Z,2025-12-17T11:40:50.642000Z,2025-12-17T11:40:53.478000Z,2025-12-17T11:40:51.433199Z,1206.0,C21HCJSF,4158,62,Male,White,United Kingdom,United Kingdom,United Kingdom,English,No,Full-Time
6942921885110ddfd95a7fef,61523aaa256db1e1d5a6f734,APPROVED,Not Applicable,2025-12-17T11:21:00.547000Z,2025-12-17T11:40:45.622000Z,2025-12-17T11:40:49.279000Z,2025-12-17T11:40:46.376498Z,1186.0,C21HCJSF,2561,63,Male,White,United Kingdom,United Kingdom,United Kingdom,English,No,Other
69429228031b4ea2997ead94,67d04e57ae59b71e07329bf5,APPROVED,Not Applicable,2025-12-17T11:21:12.368000Z,2025-12-17T11:48:34.296000Z,2025-12-17T11:48:38.174000Z,2025-12-17T11:48:35.046992Z,1642.0,C21HCJSF,1729,53,Female,White,United Kingdom,United Kingdom,United Kingdom,English,No,Part-Time
6942922ed7778616295e653b,5eaec18fbb7b8901200d16dd,APPROVED,Not Applicable,2025-12-17T11:21:23.218000Z,2025-12-17T12:02:09.053000Z,2025-12-17T12:02:11.782000Z,2025-12-17T12:02:09.718894Z,2446.0,C21HCJSF,2454,55,Female,White,New Zealand,United Kingdom,United Kingdom,English,No,Full-Time
69429230ef146f6a4c6f2fb5,59bc49e93c45a10001ccc853,APPROVED,Not Applicable,2025-12-17T11:21:30.975000Z,2025-12-17T11:55:41.898000Z,2025-12-17T11:55:45.049000Z,2025-12-17T11:55:42.602615Z,2051.0,C21HCJSF,2960,61,Male,White,United Kingdom,United Kingdom,United Kingdom,English,No,"Not in paid work (e.g. homemaker', 'retired or disabled)"
69429236dfccd24d3d8e4ac2,663f7196a07afa04b277db38,APPROVED,Not Applicable,2025-12-17T11:21:26.052000Z,2025-12-17T12:03:27.725000Z,2025-12-17T12:03:28.549000Z,2025-12-17T12:03:28.392468Z,2522.0,C21HCJSF,2419,58,Female,White,United Kingdom,United Kingdom,United Kingdom,English,No,Full-Time
6942923987de1167d1739c2d,677580b9fa6b77a8332d2237,APPROVED,Not Applicable,2025-12-17T11:21:33.403000Z,2025-12-17T11:47:26.505000Z,2025-12-17T11:47:32.457000Z,2025-12-17T11:47:27.275352Z,1554.0,C21HCJSF,616,41,Female,White,France,United Kingdom,France,French,No,Full-Time
69429239b776a1c52a5c792d,58e1916827e7d900011035e0,APPROVED,Not Applicable,2025-12-17T11:21:38.227000Z,2025-12-17T11:40:56.852000Z,2025-12-17T11:41:00.772000Z,2025-12-17T11:40:57.551624Z,1159.0,C21HCJSF,2598,43,Female,White,United Kingdom,United Kingdom,United Kingdom,English,No,Other
6942923b91f708c8f1bbe63e,5c5d36bc034e280001644c3b,APPROVED,Not Applicable,2025-12-17T11:22:07.237000Z,2025-12-17T11:43:11.463000Z,2025-12-17T11:43:33.564000Z,2025-12-17T11:43:13.309215Z,1265.0,C21HCJSF,5556,58,Female,Asian,Zimbabwe,United Kingdom,United Kingdom,English,No,Full-Time
694292429d56b5a9dab0b4c3,6773d6d84f06b14a316648aa,APPROVED,Not Applicable,2025-12-17T11:25:51.187000Z,2025-12-17T12:05:43.123000Z,2025-12-17T12:05:46.389000Z,2025-12-17T12:05:44.141187Z,2392.0,C21HCJSF,450,35,Male,White,United Kingdom,United Kingdom,United Kingdom,English,No,Full-Time
694292469b0ec95f0f6c6f44,573dbfc9cc30e7000dc57410,APPROVED,Not Applicable,2025-12-17T11:21:49.847000Z,2025-12-17T11:47:25.891000Z,2025-12-17T11:47:28.314000Z,2025-12-17T11:47:26.667237Z,1537.0,C21HCJSF,6024,60,Female,White,United Kingdom,United Kingdom,United Kingdom,English,No,"Not in paid work (e.g. homemaker', 'retired or disabled)"
6942924b7ea4108b0ad027a2,6773d0e0861b7f105b098899,APPROVED,Not Applicable,2025-12-17T11:21:52.127000Z,2025-12-17T11:46:01.076000Z,2025-12-17T11:46:04.680000Z,2025-12-17T11:46:01.780729Z,1449.0,C21HCJSF,332,33,Female,White,United Kingdom,United Kingdom,United Kingdom,English,DATA_EXPIRED,Full-Time
69429258b18ecda0a7920228,59d3ef2c078dbe000195117f,APPROVED,Not Applicable,2025-12-17T11:26:53.221000Z,2025-12-17T11:48:32.705000Z,2025-12-17T11:48:33.528000Z,2025-12-17T11:48:33.398925Z,1300.0,C21HCJSF,6402,51,Female,White,Ireland,United Kingdom,Ireland,English,No,Full-Time
6942926469e8f0f20695e84d,6595653c5c92016f134c8b25,APPROVED,Not Applicable,2025-12-17T11:22:17.986000Z,2025-12-17T11:44:41.594000Z,2025-12-17T11:44:47.567000Z,2025-12-17T11:44:42.316436Z,1344.0,C21HCJSF,2097,45,Male,White,United Kingdom,United Kingdom,United Kingdom,English,No,Full-Time
6942926bbae42e1bba219282,5dd9a7ff98981d926df9ea18,APPROVED,Not Applicable,2025-12-17T11:22:21.551000Z,2025-12-17T11:42:13.227000Z,2025-12-17T11:42:18.265000Z,2025-12-17T11:42:16.145597Z,1192.0,C21HCJSF,1220,26,Male,White,United Kingdom,United Kingdom,United Kingdom,English,No,Full-Time
6942926cedd2899864dfe813,595fd893a670a10001941bf9,APPROVED,Not Applicable,2025-12-17T11:22:24.112000Z,2025-12-17T11:38:15.446000Z,2025-12-17T11:38:21.468000Z,2025-12-17T11:38:16.220689Z,952.0,C21HCJSF,535,32,Female,White,United Kingdom,United Kingdom,United Kingdom,English,No,Full-Time
69429273ffa7dd0acbd0f35c,5ba22638474398000172c47b,APPROVED,Not Applicable,2025-12-17T11:22:31.024000Z,2025-12-17T11:44:10.563000Z,2025-12-17T11:44:13.848000Z,2025-12-17T11:44:11.387199Z,1300.0,C21HCJSF,1735,31,Male,White,United Kingdom,United Kingdom,United Kingdom,English,No,Full-Time
694292787a589748ca3a3973,5a9fa90f873cda00010d29d8,APPROVED,Not Applicable,2025-12-17T11:22:32.759000Z,2025-12-17T11:41:08.740000Z,2025-12-17T11:41:11.851000Z,2025-12-17T11:41:09.511981Z,1116.0,C21HCJSF,6172,26,Male,White,United Kingdom,United Kingdom,United Kingdom,English,No,Full-Time
69429279b8ff1c81ba61726e,66e01d1aef057f7e7a25bb34,APPROVED,Not Applicable,2025-12-17T11:22:41.696000Z,2025-12-17T11:50:24.631000Z,2025-12-17T11:50:26.978000Z,2025-12-17T11:50:25.290445Z,1663.0,C21HCJSF,469,67,Female,White,United Kingdom,United Kingdom,United Kingdom,English,No,"Not in paid work (e.g. homemaker', 'retired or disabled)"
69429280f007e31f6f627813,5bb7abf3c190e20001e5c2c8,APPROVED,Not Applicable,2025-12-17T11:26:21.997000Z,2025-12-17T12:06:53.860000Z,2025-12-17T12:06:57.923000Z,2025-12-17T12:06:54.642179Z,2432.0,C21HCJSF,2322,69,Male,White,United Kingdom,United Kingdom,United Kingdom,English,No,"Not in paid work (e.g. homemaker', 'retired or disabled)"
6942928abb8f1080c9ea8210,5ab8c3fb9534ba0001c6b60d,APPROVED,Not Applicable,2025-12-17T11:23:00.701000Z,2025-12-17T12:04:05.690000Z,2025-12-17T12:04:07.577000Z,2025-12-17T12:04:06.371378Z,2465.0,C21HCJSF,3725,46,Male,White,United Kingdom,United Kingdom,United Kingdom,English,No,Unemployed (and job seeking)
6942929af8b07d8bb9581fb3,5e4feb8037713502e9ed364b,APPROVED,Not Applicable,2025-12-17T11:23:26.948000Z,2025-12-17T11:41:37.078000Z,2025-12-17T11:41:40.939000Z,2025-12-17T11:41:37.767524Z,1091.0,C21HCJSF,4296,24,Female,White,United Kingdom,United Kingdom,United Kingdom,English,DATA_EXPIRED,DATA_EXPIRED
6942929daffaaab4e1ef8c12,5c6e60b04e08ad00018cc995,APPROVED,Not Applicable,2025-12-17T11:23:14.360000Z,2025-12-17T11:40:51.322000Z,2025-12-17T11:40:57.364000Z,2025-12-17T11:40:52.183643Z,1057.0,C21HCJSF,5488,59,Female,White,Singapore,United Kingdom,United Kingdom,English,No,Full-Time
694292a2f8bcf8c8d597fbec,5dcfaad2dd9a740c2493fc28,APPROVED,Not Applicable,2025-12-17T11:23:14.632000Z,2025-12-17T11:47:15.139000Z,2025-12-17T11:47:18.688000Z,2025-12-17T11:47:15.916529Z,1441.0,C21HCJSF,8628,36,Male,White,United Kingdom,United Kingdom,United Kingdom,English,No,Full-Time
694292b62e7c1ff1dbb3f9d3,5f20678a817321134bd74855,APPROVED,Not Applicable,2025-12-17T11:23:37.270000Z,2025-12-17T12:14:46.753000Z,2025-12-17T12:14:50.650000Z,2025-12-17T12:14:47.431126Z,3070.0,C21HCJSF,1605,42,Female,White,Italy,United Kingdom,Italy,Italian,No,Part-Time
69428ffec55595ee3d1dadff,5987030cfd8cca00015cbc26,ACTIVE,Not Applicable,2025-12-17T11:11:58.389000Z,,,,3945.0,,6569,61,Female,White,United Kingdom,United Kingdom,United Kingdom,English,No,Full-Time
69429009cd6b2504a43398b1,5cf8e0107d0e5c00166bc2db,RETURNED,Not Applicable,2025-12-17T11:12:16.909000Z,,,,,,859,CONSENT_REVOKED,CONSENT_REVOKED,CONSENT_REVOKED,CONSENT_REVOKED,CONSENT_REVOKED,CONSENT_REVOKED,CONSENT_REVOKED,CONSENT_REVOKED,CONSENT_REVOKED
694290142acb60331b8f47e8,6744d143eddffd17d345b192,RETURNED,Not Applicable,2025-12-17T11:12:22.930000Z,,,,,,2872,CONSENT_REVOKED,CONSENT_REVOKED,CONSENT_REVOKED,CONSENT_REVOKED,CONSENT_REVOKED,CONSENT_REVOKED,CONSENT_REVOKED,CONSENT_REVOKED,CONSENT_REVOKED
6942901607e123f0586b4489,5a2ef9bbfd28e9000102ee68,RETURNED,Not Applicable,2025-12-17T11:12:26.667000Z,,,,,,4772,CONSENT_REVOKED,CONSENT_REVOKED,CONSENT_REVOKED,CONSENT_REVOKED,CONSENT_REVOKED,CONSENT_REVOKED,CONSENT_REVOKED,CONSENT_REVOKED,CONSENT_REVOKED
69429025e5045479f1ea781e,67c5d7d4bfda0ffd6d9a5ef8,RETURNED,Not Applicable,2025-12-17T11:12:42.970000Z,,,,,,1557,CONSENT_REVOKED,CONSENT_REVOKED,CONSENT_REVOKED,CONSENT_REVOKED,CONSENT_REVOKED,CONSENT_REVOKED,CONSENT_REVOKED,CONSENT_REVOKED,CONSENT_REVOKED
6942902877c2666b0951a7ee,5e230311699ac45b327786dc,RETURNED,Not Applicable,2025-12-17T11:23:00.022000Z,,,,,,5294,CONSENT_REVOKED,CONSENT_REVOKED,CONSENT_REVOKED,CONSENT_REVOKED,CONSENT_REVOKED,CONSENT_REVOKED,CONSENT_REVOKED,CONSENT_REVOKED,CONSENT_REVOKED
6942902b361c9c04ea0272c5,67a36295836566498f2a9c4d,RETURNED,Not Applicable,2025-12-17T11:12:58.419000Z,,,,,,1390,CONSENT_REVOKED,CONSENT_REVOKED,CONSENT_REVOKED,CONSENT_REVOKED,CONSENT_REVOKED,CONSENT_REVOKED,CONSENT_REVOKED,CONSENT_REVOKED,CONSENT_REVOKED
6942903d096d746fe3b399e4,573a34f614f69e000d7d670f,RETURNED,Not Applicable,2025-12-17T11:13:07.360000Z,,,,,,4807,CONSENT_REVOKED,CONSENT_REVOKED,CONSENT_REVOKED,CONSENT_REVOKED,CONSENT_REVOKED,CONSENT_REVOKED,CONSENT_REVOKED,CONSENT_REVOKED,CONSENT_REVOKED
69429060affaaab4e1ef8bca,594a4063f15f310001f8898c,RETURNED,Not Applicable,2025-12-17T11:13:41.736000Z,,,,,,3507,CONSENT_REVOKED,CONSENT_REVOKED,CONSENT_REVOKED,CONSENT_REVOKED,CONSENT_REVOKED,CONSENT_REVOKED,CONSENT_REVOKED,CONSENT_REVOKED,CONSENT_REVOKED
694290789d8b2a7d5c6f2f34,66d31a1b0515fe747830bab9,RETURNED,Not Applicable,2025-12-17T11:14:04.422000Z,,,,,,4328,CONSENT_REVOKED,CONSENT_REVOKED,CONSENT_REVOKED,CONSENT_REVOKED,CONSENT_REVOKED,CONSENT_REVOKED,CONSENT_REVOKED,CONSENT_REVOKED,CONSENT_REVOKED
6942907d5d5ce514a20e3bb0,5d404c6a584cc80017e81001,RETURNED,Not Applicable,2025-12-17T11:14:15.664000Z,,,,,,3279,CONSENT_REVOKED,CONSENT_REVOKED,CONSENT_REVOKED,CONSENT_REVOKED,CONSENT_REVOKED,CONSENT_REVOKED,CONSENT_REVOKED,CONSENT_REVOKED,CONSENT_REVOKED
6942908baffaaab4e1ef8bd5,66fd3f6c93c24ecc119be354,RETURNED,Not Applicable,2025-12-17T11:14:27.218000Z,,,,,,3019,CONSENT_REVOKED,CONSENT_REVOKED,CONSENT_REVOKED,CONSENT_REVOKED,CONSENT_REVOKED,CONSENT_REVOKED,CONSENT_REVOKED,CONSENT_REVOKED,CONSENT_REVOKED
6942908eb0d8e111df23e3f8,5be2fadf5e9fd30001696162,RETURNED,Not Applicable,2025-12-17T11:25:00.028000Z,,,,,,2173,CONSENT_REVOKED,CONSENT_REVOKED,CONSENT_REVOKED,CONSENT_REVOKED,CONSENT_REVOKED,CONSENT_REVOKED,CONSENT_REVOKED,CONSENT_REVOKED,CONSENT_REVOKED
694290902d730ff1016b4475,6764698dfd3a27abba661f46,RETURNED,Not Applicable,2025-12-17T11:14:31.056000Z,,,,,,258,CONSENT_REVOKED,CONSENT_REVOKED,CONSENT_REVOKED,CONSENT_REVOKED,CONSENT_REVOKED,CONSENT_REVOKED,CONSENT_REVOKED,CONSENT_REVOKED,CONSENT_REVOKED
694290bd0512c4b904eb55ad,5cfa3a436e2ee10001c475e4,RETURNED,Not Applicable,2025-12-17T11:15:13.420000Z,,,,,,3773,CONSENT_REVOKED,CONSENT_REVOKED,CONSENT_REVOKED,CONSENT_REVOKED,CONSENT_REVOKED,CONSENT_REVOKED,CONSENT_REVOKED,CONSENT_REVOKED,CONSENT_REVOKED
694290c2ca73c87fe5c67107,5a95bd3b1ade740001b8ce9d,RETURNED,Not Applicable,,,,,,,245,CONSENT_REVOKED,CONSENT_REVOKED,CONSENT_REVOKED,CONSENT_REVOKED,CONSENT_REVOKED,CONSENT_REVOKED,CONSENT_REVOKED,CONSENT_REVOKED,CONSENT_REVOKED
694290cc6d95e9f27b9eeeb0,5d0e091ccd9c9300191cb9c9,RETURNED,Not Applicable,2025-12-17T11:16:12.357000Z,,,,,,2205,CONSENT_REVOKED,CONSENT_REVOKED,CONSENT_REVOKED,CONSENT_REVOKED,CONSENT_REVOKED,CONSENT_REVOKED,CONSENT_REVOKED,CONSENT_REVOKED,CONSENT_REVOKED
694290e27c708ab9b4874e44,56aa2ab9402d62000c7096f2,RETURNED,Not Applicable,2025-12-17T11:15:52.714000Z,,,,,,5760,CONSENT_REVOKED,CONSENT_REVOKED,CONSENT_REVOKED,CONSENT_REVOKED,CONSENT_REVOKED,CONSENT_REVOKED,CONSENT_REVOKED,CONSENT_REVOKED,CONSENT_REVOKED
694290e672711d59c5812d81,55d51a6b8ce09000127d4821,RETURNED,Not Applicable,2025-12-17T11:15:50.397000Z,,,,,,9212,CONSENT_REVOKED,CONSENT_REVOKED,CONSENT_REVOKED,CONSENT_REVOKED,CONSENT_REVOKED,CONSENT_REVOKED,CONSENT_REVOKED,CONSENT_REVOKED,CONSENT_REVOKED
6942911aac6ef1e796850382,5c3e3905c061930001b5e89d,RETURNED,Not Applicable,2025-12-17T11:16:50.791000Z,,,,,,3659,CONSENT_REVOKED,CONSENT_REVOKED,CONSENT_REVOKED,CONSENT_REVOKED,CONSENT_REVOKED,CONSENT_REVOKED,CONSENT_REVOKED,CONSENT_REVOKED,CONSENT_REVOKED
6942913130a733fe48dd426c,60aff9a6354c706f21c27da1,ACTIVE,Not Applicable,2025-12-17T11:17:09.007000Z,,,,3635.0,,3783,40,Female,White,United Kingdom,United Kingdom,United Kingdom,English,No,Full-Time
69429134f9f05fb19a547e76,6745c21dc57fa61bad7e6021,RETURNED,Not Applicable,2025-12-17T11:28:00.010000Z,,,,,,194,CONSENT_REVOKED,CONSENT_REVOKED,CONSENT_REVOKED,CONSENT_REVOKED,CONSENT_REVOKED,CONSENT_REVOKED,CONSENT_REVOKED,CONSENT_REVOKED,CONSENT_REVOKED
6942913b268116f34877a906,5ef89ca507b0e3040299f1a3,RETURNED,Not Applicable,2025-12-17T11:18:38.815000Z,,,,,,3905,CONSENT_REVOKED,CONSENT_REVOKED,CONSENT_REVOKED,CONSENT_REVOKED,CONSENT_REVOKED,CONSENT_REVOKED,CONSENT_REVOKED,CONSENT_REVOKED,CONSENT_REVOKED
6942914935d5a37d7d625eec,629f6b8c65fcae219e245284,RETURNED,Not Applicable,2025-12-17T11:17:32.047000Z,,,,,,4435,CONSENT_REVOKED,CONSENT_REVOKED,CONSENT_REVOKED,CONSENT_REVOKED,CONSENT_REVOKED,CONSENT_REVOKED,CONSENT_REVOKED,CONSENT_REVOKED,CONSENT_REVOKED
69429153fabdf25dd31f0f91,59ccd702faf42e00012b68f5,RETURNED,Not Applicable,2025-12-17T11:25:35.146000Z,,,,,,4433,CONSENT_REVOKED,CONSENT_REVOKED,CONSENT_REVOKED,CONSENT_REVOKED,CONSENT_REVOKED,CONSENT_REVOKED,CONSENT_REVOKED,CONSENT_REVOKED,CONSENT_REVOKED
69429162f1ef63af0c4d6b23,5e356b29d87fbf512a4cd090,RETURNED,Not Applicable,2025-12-17T11:18:06.867000Z,,,,,,4014,CONSENT_REVOKED,CONSENT_REVOKED,CONSENT_REVOKED,CONSENT_REVOKED,CONSENT_REVOKED,CONSENT_REVOKED,CONSENT_REVOKED,CONSENT_REVOKED,CONSENT_REVOKED
6942916dcba3e065292a6600,60b7d053a787ce9076e74227,RETURNED,Not Applicable,2025-12-17T11:18:09.472000Z,,,,,,1380,CONSENT_REVOKED,CONSENT_REVOKED,CONSENT_REVOKED,CONSENT_REVOKED,CONSENT_REVOKED,CONSENT_REVOKED,CONSENT_REVOKED,CONSENT_REVOKED,CONSENT_REVOKED
6942917f2ae86ba25914ee81,676055469b245b53e81358d0,RETURNED,Not Applicable,2025-12-17T11:18:27.316000Z,,,,,,4441,CONSENT_REVOKED,CONSENT_REVOKED,CONSENT_REVOKED,CONSENT_REVOKED,CONSENT_REVOKED,CONSENT_REVOKED,CONSENT_REVOKED,CONSENT_REVOKED,CONSENT_REVOKED
69429195f032d3ce2760437f,665ba5fad0a8c603ab8b5242,ACTIVE,Not Applicable,2025-12-17T11:18:52.161000Z,,,,3532.0,,1257,28,Female,Mixed,United Kingdom,United Kingdom,United Kingdom,English,No,Full-Time
69429199227ad0ecb67aebf6,5788c16f275be600013590a8,RETURNED,Not Applicable,2025-12-17T11:18:53.455000Z,,,,,,2623,CONSENT_REVOKED,CONSENT_REVOKED,CONSENT_REVOKED,CONSENT_REVOKED,CONSENT_REVOKED,CONSENT_REVOKED,CONSENT_REVOKED,CONSENT_REVOKED,CONSENT_REVOKED
694291a1688f9755a63ddb60,5e70bd5480f43a0009625d4c,RETURNED,Not Applicable,2025-12-17T11:20:36.348000Z,,,,,,3118,CONSENT_REVOKED,CONSENT_REVOKED,CONSENT_REVOKED,CONSENT_REVOKED,CONSENT_REVOKED,CONSENT_REVOKED,CONSENT_REVOKED,CONSENT_REVOKED,CONSENT_REVOKED
694291cd74e0d18a63439404,6658c4239af9537eefdfbcc9,RETURNED,Not Applicable,2025-12-17T11:19:47.529000Z,,,,,,4780,CONSENT_REVOKED,CONSENT_REVOKED,CONSENT_REVOKED,CONSENT_REVOKED,CONSENT_REVOKED,CONSENT_REVOKED,CONSENT_REVOKED,CONSENT_REVOKED,CONSENT_REVOKED
694291e27f6b64f2d6ec8ad2,66ab892125fb6f8825debf2d,RETURNED,Not Applicable,2025-12-17T11:20:05.431000Z,,,,,,1420,CONSENT_REVOKED,CONSENT_REVOKED,CONSENT_REVOKED,CONSENT_REVOKED,CONSENT_REVOKED,CONSENT_REVOKED,CONSENT_REVOKED,CONSENT_REVOKED,CONSENT_REVOKED
69429204f8e5ae87ef429f32,67698e94c727a4a942390c57,RETURNED,Not Applicable,2025-12-17T11:23:36.631000Z,,,,,,1576,CONSENT_REVOKED,CONSENT_REVOKED,CONSENT_REVOKED,CONSENT_REVOKED,CONSENT_REVOKED,CONSENT_REVOKED,CONSENT_REVOKED,CONSENT_REVOKED,CONSENT_REVOKED
69429215345f933e2b95a801,58106d17a513590001b1ec9e,RETURNED,Not Applicable,2025-12-17T11:21:00.511000Z,,,,,,5405,CONSENT_REVOKED,CONSENT_REVOKED,CONSENT_REVOKED,CONSENT_REVOKED,CONSENT_REVOKED,CONSENT_REVOKED,CONSENT_REVOKED,CONSENT_REVOKED,CONSENT_REVOKED
69429219dc7270f5c8a949d5,6888f9158ab561d6bbcf7466,RETURNED,Not Applicable,2025-12-17T11:31:00.010000Z,,,,,,299,CONSENT_REVOKED,CONSENT_REVOKED,CONSENT_REVOKED,CONSENT_REVOKED,CONSENT_REVOKED,CONSENT_REVOKED,CONSENT_REVOKED,CONSENT_REVOKED,CONSENT_REVOKED
6942924a6cbcd2fb24bb2e28,66cfab152c56aa0472529001,RETURNED,Not Applicable,2025-12-17T11:31:08.992000Z,,,,,,4612,CONSENT_REVOKED,CONSENT_REVOKED,CONSENT_REVOKED,CONSENT_REVOKED,CONSENT_REVOKED,CONSENT_REVOKED,CONSENT_REVOKED,CONSENT_REVOKED,CONSENT_REVOKED
6942924f8c2d59cb91787c6e,62b626b7cc2365d4e7f5c5aa,RETURNED,Not Applicable,2025-12-17T11:21:54.967000Z,,,,,,3311,CONSENT_REVOKED,CONSENT_REVOKED,CONSENT_REVOKED,CONSENT_REVOKED,CONSENT_REVOKED,CONSENT_REVOKED,CONSENT_REVOKED,CONSENT_REVOKED,CONSENT_REVOKED
69429260637ca019d3782a62,67ab683a8ee407704d374875,RETURNED,Not Applicable,2025-12-17T11:26:30.878000Z,,,,,,1202,CONSENT_REVOKED,CONSENT_REVOKED,CONSENT_REVOKED,CONSENT_REVOKED,CONSENT_REVOKED,CONSENT_REVOKED,CONSENT_REVOKED,CONSENT_REVOKED,CONSENT_REVOKED
69429f11dff91ecf3aee9921,6120e3a34f6ad742437d6c95,ACTIVE,Not Applicable,2025-12-17T12:16:20.639000Z,,,,84.0,,3777,41,Male,White,United Kingdom,United Kingdom,United Kingdom,English,No,Full-Time
69429f13271fb4de4a9e855b,5bf1c9d332cb3b0001f6f1c3,ACTIVE,Not Applicable,2025-12-17T12:16:23.599000Z,,,,81.0,,1914,39,Female,White,United Kingdom,United Kingdom,United Kingdom,English,No,Part-Time
69429f14a89fde6ab56f7738,5c4f7b99b33a5300013dbfdd,ACTIVE,Not Applicable,2025-12-17T12:16:23.367000Z,,,,81.0,,5780,30,Female,White,United Kingdom,United Kingdom,United Kingdom,English,No,Full-Time
69429f15c4fea39f9e743f23,571bdaa76b0894001362f780,ACTIVE,Not Applicable,2025-12-17T12:16:43.425000Z,,,,61.0,,3036,45,Female,White,United Kingdom,United Kingdom,United Kingdom,English,No,Part-Time
69429f17031b4ea2997eae6c,62d6d77df59450e545fb22f6,ACTIVE,Not Applicable,2025-12-17T12:17:18.443000Z,,,,26.0,,2596,38,Female,Asian,United Kingdom,United Kingdom,United Kingdom,English,No,Part-Time
69429f179f245fc4eeb45e0b,66fd4b51cb041accd82a7740,ACTIVE,Not Applicable,2025-12-17T12:16:27.385000Z,,,,77.0,,1684,66,Male,White,United Kingdom,United Kingdom,United Kingdom,English,No,Part-Time
69429f20f8b07d8bb958218a,677e7a411cbcd54ed0c8f545,ACTIVE,Not Applicable,2025-12-17T12:16:37.381000Z,,,,67.0,,1607,61,Male,White,Australia,United Kingdom,United Kingdom,English,No,Full-Time
69429f21b669de071361ccf3,63468b3bd07050877a6beb11,ACTIVE,Not Applicable,2025-12-17T12:16:40.577000Z,,,,64.0,,2099,66,Female,White,United Kingdom,United Kingdom,United Kingdom,English,No,"Not in paid work (e.g. homemaker', 'retired or disabled)"
69429f22770383c48a8f5844,6783ebc2e89b75d66d952f41,ACTIVE,Not Applicable,2025-12-17T12:16:38.952000Z,,,,66.0,,2580,58,Male,White,United Kingdom,United Kingdom,United Kingdom,English,DATA_EXPIRED,Full-Time
69429f228d1edd7d2e23e5cd,6266aba991affe86ae58ce07,ACTIVE,Not Applicable,2025-12-17T12:16:40.471000Z,,,,64.0,,1299,59,Male,White,United Kingdom,United Kingdom,United Kingdom,English,No,"Not in paid work (e.g. homemaker', 'retired or disabled)"
69429f24a4fa58188a217c02,663127d07fb81f5532bcfdad,ACTIVE,Not Applicable,2025-12-17T12:17:04.503000Z,,,,41.0,,2082,56,Female,White,United Kingdom,United Kingdom,United Kingdom,English,No,"Not in paid work (e.g. homemaker', 'retired or disabled)"
69429f25ed35c7ebfaabda32,5827634ea80bf4000199994b,ACTIVE,Not Applicable,2025-12-17T12:16:40.790000Z,,,,64.0,,2499,68,Female,White,United States,United Kingdom,Italy,English,No,Other
69429f26d61fabca87a4e71b,5c8cfc3772503f0001e9c965,ACTIVE,Not Applicable,2025-12-17T12:16:42.337000Z,,,,63.0,,5186,58,Male,White,United Kingdom,United Kingdom,United Kingdom,English,No,Full-Time
69429f2a6065aeb7e30fd59d,65a3f461bfa22dde98c10436,ACTIVE,Not Applicable,2025-12-17T12:16:46.281000Z,,,,59.0,,1877,37,Female,White,United Kingdom,United Kingdom,United Kingdom,English,No,"Not in paid work (e.g. homemaker', 'retired or disabled)"
69429f2ae13d7570a1787d91,672b24390a9c197eb61f2f72,ACTIVE,Not Applicable,2025-12-17T12:16:47.412000Z,,,,58.0,,1898,53,Male,White,United Kingdom,United Kingdom,United Kingdom,English,No,Full-Time
69429f30c59c61214276ea18,67fd6e8c6284217e1397fdc6,ACTIVE,Not Applicable,2025-12-17T12:16:56.875000Z,,,,48.0,,135,66,Female,White,Cyprus,United Kingdom,Cyprus,Turkish,No,"Not in paid work (e.g. homemaker', 'retired or disabled)"
69429f45cceb3c92aa8451af,5db1b1b6cd3329000ba29566,ACTIVE,Not Applicable,2025-12-17T12:17:16.804000Z,,,,29.0,,2783,55,Female,White,United Kingdom,United Kingdom,United Kingdom,English,DATA_EXPIRED,DATA_EXPIRED
69429f4f031b4ea2997eae6f,62ab29bfb1c80887f36dfcf3,ACTIVE,Not Applicable,2025-12-17T12:17:22.867000Z,,,,23.0,,2792,51,Male,White,United Kingdom,United Kingdom,United Kingdom,English,Yes,Full-Time
69429f517f9fa6e256d7b696,5af32f9d003f6c0001f2905b,ACTIVE,Not Applicable,2025-12-17T12:17:26.083000Z,,,,19.0,,2314,68,Female,White,United Kingdom,United Kingdom,United Kingdom,English,No,Part-Time
69429f5ec59dfdae8273224c,67aca395e08375f063427a59,ACTIVE,Not Applicable,2025-12-17T12:17:38.946000Z,,,,7.0,,645,19,Female,White,United Kingdom,United Kingdom,United Kingdom,English,Yes,Other
